{"cameraMode":{"drawMode":0,"name":"Shaded","section":"Shading Mode"},"sceneLighting":true,"audioPlay":false,"sceneViewState":{"m_AlwaysRefresh":false,"showFog":true,"showSkybox":true,"showFlares":true,"showImageEffects":true,"showParticleSystems":true,"showVisualEffectGraphs":true,"m_FxEnabled":true},"in2DMode":false,"pivot":{"x":-1.218315601348877,"y":0.5982077717781067,"z":-0.6271578669548035},"rotation":{"x":-0.08116503804922104,"y":0.0367671474814415,"z":-0.0029961266554892065,"w":-0.9960196018218994},"size":2.555359125137329,"orthographic":false}