{"cameraMode":{"drawMode":0,"name":"Shaded","section":"Shading Mode"},"sceneLighting":true,"audioPlay":false,"sceneViewState":{"m_AlwaysRefresh":false,"showFog":true,"showSkybox":true,"showFlares":true,"showImageEffects":true,"showParticleSystems":true,"showVisualEffectGraphs":true,"m_FxEnabled":true},"in2DMode":false,"pivot":{"x":0.5601872801780701,"y":0.6595166921615601,"z":-13.088019371032715},"rotation":{"x":-0.018406271934509279,"y":0.6526291370391846,"z":0.015860937535762788,"w":0.7572931051254273},"size":31.35346221923828,"orthographic":false}