{"cameraMode":{"drawMode":0,"name":"Shaded","section":"Shading Mode"},"sceneLighting":true,"audioPlay":false,"sceneViewState":{"m_AlwaysRefresh":false,"showFog":true,"showSkybox":true,"showFlares":true,"showImageEffects":true,"showParticleSystems":true,"showVisualEffectGraphs":true,"m_FxEnabled":true},"in2DMode":false,"pivot":{"x":1.0210000276565552,"y":-0.5476998090744019,"z":-2.3460001945495607},"rotation":{"x":0.0476723350584507,"y":0.003593489294871688,"z":0.00016993000463116914,"w":-0.9988613724708557},"size":0.09548087418079376,"orthographic":true}