{"cameraMode":{"drawMode":0,"name":"Shaded","section":"Shading Mode"},"sceneLighting":true,"audioPlay":false,"sceneViewState":{"m_AlwaysRefresh":false,"showFog":true,"showSkybox":true,"showFlares":true,"showImageEffects":true,"showParticleSystems":true,"showVisualEffectGraphs":true,"m_FxEnabled":true},"in2DMode":false,"pivot":{"x":1.2679864168167115,"y":-0.10447835922241211,"z":-1.1054530143737794},"rotation":{"x":-0.06644170731306076,"y":-0.19567279517650605,"z":0.01328882947564125,"w":-0.9783263206481934},"size":3.8753867149353029,"orthographic":false}