{"cameraMode":{"drawMode":0,"name":"Shaded","section":"Shading Mode"},"sceneLighting":true,"audioPlay":false,"sceneViewState":{"m_AlwaysRefresh":false,"showFog":true,"showSkybox":true,"showFlares":true,"showImageEffects":true,"showParticleSystems":true,"showVisualEffectGraphs":true,"m_FxEnabled":true},"in2DMode":false,"pivot":{"x":-1.1410161256790162,"y":-2.5704774856567385,"z":-0.900278627872467},"rotation":{"x":-0.01636488549411297,"y":-0.9819613099098206,"z":0.15897250175476075,"w":-0.10109181702136994},"size":1.5845807790756226,"orthographic":false}