{"cameraMode":{"drawMode":0,"name":"Shaded","section":"Shading Mode"},"sceneLighting":true,"audioPlay":false,"sceneViewState":{"m_AlwaysRefresh":false,"showFog":true,"showSkybox":true,"showFlares":true,"showImageEffects":true,"showParticleSystems":true,"showVisualEffectGraphs":true,"m_FxEnabled":true},"in2DMode":false,"pivot":{"x":-1.3028149604797364,"y":0.597858726978302,"z":-2.048725128173828},"rotation":{"x":0.009944277815520764,"y":0.7485528588294983,"z":-0.01122891716659069,"w":0.6629101037979126},"size":1.3240773677825928,"orthographic":false}