{"cameraMode":{"drawMode":0,"name":"Shaded","section":"Shading Mode"},"sceneLighting":true,"audioPlay":false,"sceneViewState":{"m_AlwaysRefresh":false,"showFog":true,"showSkybox":true,"showFlares":true,"showImageEffects":true,"showParticleSystems":true,"showVisualEffectGraphs":true,"m_FxEnabled":true},"in2DMode":false,"pivot":{"x":-2.020231246948242,"y":-3.228590250015259,"z":5.069830894470215},"rotation":{"x":-0.10751286894083023,"y":0.10330058634281159,"z":-0.011232455261051655,"w":-0.9887588024139404},"size":5.3019185066223148,"orthographic":false}