{"cameraMode":{"drawMode":0,"name":"Shaded","section":"Shading Mode"},"sceneLighting":true,"audioPlay":false,"sceneViewState":{"m_AlwaysRefresh":false,"showFog":true,"showSkybox":true,"showFlares":true,"showImageEffects":true,"showParticleSystems":true,"showVisualEffectGraphs":true,"m_FxEnabled":true},"in2DMode":false,"pivot":{"x":-0.0703359842300415,"y":0.3893192410469055,"z":-5.790637969970703},"rotation":{"x":-0.09379668533802033,"y":0.38070720434188845,"z":0.03885194659233093,"w":0.9191055297851563},"size":1.3668168783187867,"orthographic":false}