{"cameraMode":{"drawMode":0,"name":"Shaded","section":"Shading Mode"},"sceneLighting":true,"audioPlay":false,"sceneViewState":{"m_AlwaysRefresh":false,"showFog":true,"showSkybox":true,"showFlares":true,"showImageEffects":true,"showParticleSystems":true,"showVisualEffectGraphs":true,"m_FxEnabled":true},"in2DMode":false,"pivot":{"x":-1.3485503196716309,"y":-2.358112335205078,"z":-1.6873587369918824},"rotation":{"x":-0.014332453720271588,"y":-0.7216492295265198,"z":0.01494717039167881,"w":-0.6919541358947754},"size":1.6810269355773926,"orthographic":false}